INSERT INTO `Amazon` (`idLibro`, `tituloLibro`, `idAutor`, `editorial`, `numPaginas`, `enStock`, `precio`, `descripcion`, `fotografia`) VALUES(1, 'Los juegos del hambre', 1, 'Rba', 400, 1, '17.10', 'La historia está ambientada en un futuro no muy lejano en el país de Panem (antes Estados Unidos), que se divide en 12 distritos. Antes eran 13 pero, tras una gran rebelión, lo destruyeron hasta los cimientos. Desde entonces se celebran los Juegos del Hambre, una competición a muerte donde los representantes de los diferentes distritos (un chico y una chica elegidos mediante sorteo), llamados ''tributos'', pelean hasta la muerte. Todos los jóvenes mayores de doce años tienen automáticamente una papeleta para ser elegidos, cada año que pasa tendrán una más. Pero los más pobres siempre tienen las de perder, ya que pueden conseguir comida a cambio de una papeleta en el sorteo.\r\nDe ese modo, el día de la ''cosecha'' (el sorteo donde se eligen los tributos) la hermana de Katniss, Prim, saldrá como tributo del distrito 12. Katniss se ofrece como voluntaria para ocupar su lugar y se ve envuelta en un grotesco espectáculo nacional donde tendrá que matar para sobrevivir.\r\nLa protagonista absoluta del libro es Katniss Everdeen ya que nos narra en primera persona todo lo que le ocurre y lo que piensa. Al contrario de lo que me ocurre muchas veces con este tipo de personajes, ella no me ha parecido nada pedante, perfecta, maravillosa e insoportable. Cosa que no pueden decir muchas protagonistas de libros por el estilo'' Katniss es salvaje e imperfecta. Quizá sabe demasiadas cosas para tener sólo 16 años pero, ¿qué importa? Suzanne Collins nos cuenta la historia tan bien que te lo crees todo. ', 'Los_juegos_del_hambre.png');
INSERT INTO `Amazon` (`idLibro`, `tituloLibro`, `idAutor`, `editorial`, `numPaginas`, `enStock`, `precio`, `descripcion`, `fotografia`) VALUES(2, 'Harry Potter y la Piedra Filosofal', 2, 'Salamandra', 256, 1, '6.54', 'Harry Potter se ha quedado huérfano y vive en casa de sus abominables tíos y del insoportable primo Dudley. Harry se siente muy triste y solo, hasta que un buen día recibe una carta que cambiará su vida para siempre. ', 'hp_piedra_filosofal.png');
INSERT INTO `Amazon` (`idLibro`, `tituloLibro`, `idAutor`, `editorial`, `numPaginas`, `enStock`, `precio`, `descripcion`, `fotografia`) VALUES(3, 'Harry Potter y el prisionero de Azkaban', 2, 'Salamandra', 360, 1, '8.07', 'Harry se pelea con su bigotuda tía Marge, a la que convierte en un globo, y debe huir en un autobús mágico. Mientras tanto, de la prisión de Azkabán se ha escapado un terrible villano, Sirius Black, un asesino en serie con poderes mágicos. ', 'hp_prisionero_azkaban.png');
INSERT INTO `Amazon` (`idLibro`, `tituloLibro`, `idAutor`, `editorial`, `numPaginas`, `enStock`, `precio`, `descripcion`, `fotografia`) VALUES(4, 'Harry Potter y la Cámara Secreta', 2, 'Salamandra', 288, 0, '7.12', 'Un elfo aparece en su habitación y le advierte que una amenaza mortal se cierne sobre la escuela. Así pues, Harry no se lo piensa dos veces y, acompañado de Ron, su mejor amigo, se dirige a Hogwarts en un coche volador. Pero ¿puede un aprendiz de mago defender la escuela de los malvados que pretenden destruirla? ', 'hp_camara_secreta.png');
INSERT INTO `Amazon` (`idLibro`, `tituloLibro`, `idAutor`, `editorial`, `numPaginas`, `enStock`, `precio`, `descripcion`, `fotografia`) VALUES(5, 'Harry Potter y las Reliquias de La Muerte', 2, 'Salamandra', 640, 1, '20.90', 'Harry tiene que realizar una tarea siniestra, peligrosa y aparentemente imposible: el de localizar y de destruir a Horcruxes. Harry nunca se sintió tan sólo ni se enfrentó a un futuro tan incierto. Pero Harry debe encontrar la fuerza necesaria para terminar la tarea que le han dado. ', 'hp_reliquias_muerte');
INSERT INTO `Amazon` (`idLibro`, `tituloLibro`, `idAutor`, `editorial`, `numPaginas`, `enStock`, `precio`, `descripcion`, `fotografia`) VALUES(6, 'Harry Potter y el Cáliz de Fuego', 2, 'Salamandra', 640, 1, '11.40', 'Tras otro abominable verano con los Dursley, Harry se dispone a iniciar el cuarto curso en Hogwarts, la famosa escuela de magia y hechicería. A sus 14 años, a Harry le gustaría ser un joven mago como los demás.', 'hp_caliz_fuego');
INSERT INTO `Amazon` (`idLibro`, `tituloLibro`, `idAutor`, `editorial`, `numPaginas`, `enStock`, `precio`, `descripcion`, `fotografia`) VALUES(7, 'Harry potter y el misterio del principe', 2, 'Salamandra', 602, 1, '14.35', '', 'hp_misterio_principe');
INSERT INTO `Amazon` (`idLibro`, `tituloLibro`, `idAutor`, `editorial`, `numPaginas`, `enStock`, `precio`, `descripcion`, `fotografia`) VALUES(8, 'Harry potter y las reliquias de lamuerte', 2, 'Salamandra', 640, 1, '23.23', 'Harry tiene que realizar una tarea siniestra, peligrosa y aparentemente imposible: el de localizar y de destruir a Horcruxes. Harry nunca se sintió tan sólo ni se enfrentó a un futuro tan incierto. Pero Harry debe encontrar la fuerza necesaria para terminar la tarea que le han dado.', 'hp_reliquias_muerte.png');
INSERT INTO `Amazon` (`idLibro`, `tituloLibro`, `idAutor`, `editorial`, `numPaginas`, `enStock`, `precio`, `descripcion`, `fotografia`) VALUES(9, 'El Hobbit', 3, 'Minotauro', 320, 0, '10.40', 'Smaug parecía profundamente dormido cuando Bilbo espió una vez más desde la entrada. ¡Pero fingía estar dormido! ¡Estaba vigilando la entrada del túnel!... Sacado de su cómodo agujero-hobbit por Gandalf y una banda de enanos, Bilbo se encuentra de pronto en medio de una conspiración que pretende apoderarse del tesoro de Smaug el Magnífico, un enorme y muy peligroso dragón...', 'hobbit.png');
INSERT INTO `Amazon` (`idLibro`, `tituloLibro`, `idAutor`, `editorial`, `numPaginas`, `enStock`, `precio`, `descripcion`, `fotografia`) VALUES(10, 'El conde de montecristo', 4, 'Mondadori', 1144, 0, '19.00', 'El conde de montecristo es un clásico de enorme poder de sugestión, a través de la figura del hombre solitario que, luego de sobrevivir a la injusta condena y la miserable prisión, regresa para hacer justicia. ', 'conde_montecristo.png');
INSERT INTO `Amazon` (`idLibro`, `tituloLibro`, `idAutor`, `editorial`, `numPaginas`, `enStock`, `precio`, `descripcion`, `fotografia`) VALUES(11, 'El señor de las moscas', 5, 'Alianza Editorial', 288, 1, '8.55', 'Un avión que transporta sólo a unos estudiantes británicos es derribado en periodo de guerra a causa de una fuerte tormenta y se estrella contra una isla desierta, siendo los únicos sobrevivientes. Los niños pasajeros se ven obligados a sobrevivir sin ningún adulto.', 'señor_moscas.png');
INSERT INTO `Autor` (`idAutor`, `nombreAutor`, `apellidosAutor`, `lugarNacimiento`, `nacimiento`) VALUES(1, 'Suzanne', 'Collins', 'Estados Unidos', 1964);
INSERT INTO `Autor` (`idAutor`, `nombreAutor`, `apellidosAutor`, `lugarNacimiento`, `nacimiento`) VALUES(2, 'J.K.', 'Rowling', 'Inglaterra', 1965);
INSERT INTO `Autor` (`idAutor`, `nombreAutor`, `apellidosAutor`, `lugarNacimiento`, `nacimiento`) VALUES(3, 'J.R.', 'Tolkien', 'Sudáfrica', 1892);
INSERT INTO `Autor` (`idAutor`, `nombreAutor`, `apellidosAutor`, `lugarNacimiento`, `nacimiento`) VALUES(4, 'Alexandre', 'Dumas ', 'Puys', 1802);
INSERT INTO `Autor` (`idAutor`, `nombreAutor`, `apellidosAutor`, `lugarNacimiento`, `nacimiento`) VALUES(5, 'William', 'Gerald Golding', 'Reino Unido', 1911);
INSERT INTO `Autor` (`idAutor`, `nombreAutor`, `apellidosAutor`, `lugarNacimiento`, `nacimiento`) VALUES(6, 'Stephen', 'King', 'Portland (Estados Unidos)', 1947);
INSERT INTO `Autor` (`idAutor`, `nombreAutor`, `apellidosAutor`, `lugarNacimiento`, `nacimiento`) VALUES(7, 'Orson', 'Scott Card', 'Estados Unidos', 1951);
INSERT INTO `CasaDelLibro` (`idLibro`, `titulo`, `idAutor`, `ISBN`, `fechaEdicion`, `sinopsis`, `numPaginas`, `fotografia`) VALUES(1, 'Harry Potter y la piedra filosofal', 2, '9788478884452', 1999, 'Harry Potter y la piedra filosofal es el primer libro de la serie del joven mago Harry Potter.\r\n\r\nHarry Potter se ha quedado huérfano y vive en casa de sus abominables tíos y del insoportable primo Dudley. Harry se siente muy triste y solo, hasta que un buen día recibe una carta que cambiará su vida para siempre.', 254, 'hp_piedra_filosofal.png');
INSERT INTO `CasaDelLibro` (`idLibro`, `titulo`, `idAutor`, `ISBN`, `fechaEdicion`, `sinopsis`, `numPaginas`, `fotografia`) VALUES(2, 'Harry Potter y las reliquias de la muerte', 2, '9788498381405', 2008, 'Harry Potter tiene que realizar una tarea siniestra, peligrosa y aparentemente imposible: el de localizar y de destruir a Horcruxes. Harry nunca se sintió tan sólo ni se enfrentó a un futuro tan incierto. Pero Harry Potter debe encontrar la fuerza necesaria para terminar la tarea que le han dado. Él debe dejar el calor, la seguridad y el compañerismo de La Madriguera y seguir sin miedo el camino inexorable marcado para él.\r\nEn este final, la séptima entrega de la serie Harry Potter, J.K. Rowling revela de manera espectacular las respuestas a las muchas preguntas que se han estado esperando con tanta impaciencia. Su rica prosa y su narrativa, llena de giros inesperados, han hecho que estos libros sean libro para leer y releer una y otra vez. ', 640, 'hp_reliquias_muerte.png');
INSERT INTO `CasaDelLibro` (`idLibro`, `titulo`, `idAutor`, `ISBN`, `fechaEdicion`, `sinopsis`, `numPaginas`, `fotografia`) VALUES(3, 'Harry Potter y el prisionero de Azkaban', 2, '9788478885190', 2000, 'Por la cicatriz que lleva en la frente, sabemos que Harry Potter no es un niño como los demás, sino el héroe que venció a Lord Voldemort, el más temible y maligno mago de todos los tiempos y culpable de la muerte de los padres de Harry. Desde entonces, Harry no tiene más remedio que vivir con sus pesados tíos y su insoportable primo Dudley, todos ellos muggles, o sea, personas no magas, que desprecian a su sobrino debido a sus poderes. Este ya es el tercer año en Hogwarts y como siempre, además de a los examénes y a los partidos Harry Potterdeberá enfrentarse a su terrible enemigo', 360, 'hp_prisionero_azkaban.png');
INSERT INTO `CasaDelLibro` (`idLibro`, `titulo`, `idAutor`, `ISBN`, `fechaEdicion`, `sinopsis`, `numPaginas`, `fotografia`) VALUES(4, 'El retorno del rey (El señor de los anillos)', 3, '9788445073742', 2002, 'Ningún escritor del género ha aprovechado tanto como Tolkien las propiedades características de la Misión, el viaje heroico, el Objeto Numinoso, satisfaciendo nuestro sentido de la realidad histórica y social... Tolkien ha triunfado donde fracasó Milton. -- W. H. Auden Ecologista avant-la-lettre, Tolkien adora los árboles, los cielos, los ríos, la luz. -- Marie Claude de Brunhoff', 296, 'retorno_rey.png');
INSERT INTO `CasaDelLibro` (`idLibro`, `titulo`, `idAutor`, `ISBN`, `fechaEdicion`, `sinopsis`, `numPaginas`, `fotografia`) VALUES(5, 'La comunidad del anillo (El señor de los anillos)', 3, '9788445073728', 2002, 'Este libro es como un relámpago en un cielo claro. Decir que la novela heroica, espléndida, elocuente, desinhibida, ha retornado de pronto en una época de un antirromanticismo casi patológico, sería inadecuado. Para quienes vivimos en esa extraña época, el retorno -y el alivio que nos trae- es sin duda lo más importante. Pero para la historia misma de la novela -una historia que se remonta a la Odisea y a antes de la Odisea- no es un retorno, sino un paso adelante o una revolución: la conquista de un territorio nuevo. -- C. S. Lewis, Time & Tide\r\n', 477, 'comunidad_anillo.png');
INSERT INTO `CasaDelLibro` (`idLibro`, `titulo`, `idAutor`, `ISBN`, `fechaEdicion`, `sinopsis`, `numPaginas`, `fotografia`) VALUES(6, 'Las dos torres (El señor de los anillos)', 3, '9788445073735', 2002, 'Espléndida traducción castellana de esta prodigiosa y fantástica trilogía... Nadie podrá regatearle a J. R. R. Tolkien el oficio de buen narrador, de buen escritor que sabe ganarse incondicionalmente el ánimo de los lectores. -- Francesc Parcerisas', 405, 'dos_torres.png');
INSERT INTO `CasaDelLibro` (`idLibro`, `titulo`, `idAutor`, `ISBN`, `fechaEdicion`, `sinopsis`, `numPaginas`, `fotografia`) VALUES(7, 'Los ojos del dragón', 6, '9788497930192', 2003, 'Stephen King convierte un clásico cuento de hadas en una obra maestra del género de terror. Los ojos del dragón es un apasionante relato de aventuras, con héroes arquetípicos, dragones, príncipes y hechiceros... El joven príncipe Peter, hijo del difunto rey, da la talla de monarca y espera heredar el reino. Pero el mago de la corte dispone que sea ungido el príncipe Thomas, un muchacho al que manipula de acuerdo con sus siniestros propósitos. Sin embargo, Thomas posee un secreto que nadie ha sido capaz de adivinar.', 400, 'ojos_dragon.png');
INSERT INTO `CasaDelLibro` (`idLibro`, `titulo`, `idAutor`, `ISBN`, `fechaEdicion`, `sinopsis`, `numPaginas`, `fotografia`) VALUES(8, 'Carrie', 6, '9788497595698', 2003, 'El escalofriante caso de una joven de apariencia insignificante que se transformó en un ser de poderes anormales, sembrando el terror en la ciudad. Con pulso mágico para mantener la tensión a lo largo de todo el libro, Stephen King narra la atormentada adolescencia de Carrie, y nos envuelve en una atmósfera sobrecogedora cuando la muchacha realiza una serie de descubrimientos hasta llegar al terrible momento de la venganza. Esta novela fue llevada al cine con un inmenso éxito de público y crítica.', 256, 'carrie.png');
INSERT INTO `CasaDelLibro` (`idLibro`, `titulo`, `idAutor`, `ISBN`, `fechaEdicion`, `sinopsis`, `numPaginas`, `fotografia`) VALUES(9, 'El juego de Ender', 7, '9788496581579', 2006, 'La Tierra está amenazada por una especie extraterrestre de insectos que pretende destruir la humanidad. Para vencerlos se precisa la intervención de un genio militar, por lo cual se permite el nacimiento de Ender, tercer hijo de una pareja en un mundo que limita a dos el número de descendientes. Ender se entrenará en una estación espacial, superará a sus rivales y se convertirá en la persona capaz de dirigir las flotas terrestres contra los insectos de otros mundos.', 368, 'juego_ender.png');
